{"cameraMode":{"drawMode":0,"name":"Shaded","section":"Shading Mode"},"sceneLighting":false,"audioPlay":false,"sceneViewState":{"m_AlwaysRefresh":false,"showFog":true,"showSkybox":false,"showFlares":true,"showImageEffects":true,"showParticleSystems":true,"showVisualEffectGraphs":true,"m_FxEnabled":false},"in2DMode":false,"pivot":{"x":-13.732345581054688,"y":1.331754446029663,"z":-3.601067543029785},"rotation":{"x":0.00173888576682657,"y":-0.9978688955307007,"z":0.029347630217671396,"w":0.05875968560576439},"size":3.3579533100128176,"orthographic":false}