{"cameraMode":{"drawMode":0,"name":"Shaded","section":"Shading Mode"},"sceneLighting":false,"audioPlay":false,"sceneViewState":{"m_AlwaysRefresh":false,"showFog":true,"showSkybox":false,"showFlares":true,"showImageEffects":true,"showParticleSystems":true,"showVisualEffectGraphs":true,"m_FxEnabled":false},"in2DMode":false,"pivot":{"x":0.9583175182342529,"y":0.15912307798862458,"z":-0.45878469944000246},"rotation":{"x":0.018311036750674249,"y":-0.8507146835327148,"z":-0.02993674948811531,"w":-0.5245792269706726},"size":0.8484247326850891,"orthographic":false}