{"cameraMode":{"drawMode":0,"name":"Shaded","section":"Shading Mode"},"sceneLighting":true,"audioPlay":false,"sceneViewState":{"m_AlwaysRefresh":false,"showFog":true,"showSkybox":true,"showFlares":true,"showImageEffects":true,"showParticleSystems":true,"showVisualEffectGraphs":true,"m_FxEnabled":false},"in2DMode":false,"pivot":{"x":76.04844665527344,"y":8.832755088806153,"z":-187.40573120117188},"rotation":{"x":0.0018207818502560258,"y":-0.9708784818649292,"z":-0.007891527377068997,"w":-0.2397078424692154},"size":103.60664367675781,"orthographic":false}