{"cameraMode":{"drawMode":0,"name":"Shaded","section":"Shading Mode"},"sceneLighting":false,"audioPlay":false,"sceneViewState":{"m_AlwaysRefresh":false,"showFog":false,"showSkybox":false,"showFlares":false,"showImageEffects":false,"showParticleSystems":false,"showVisualEffectGraphs":true,"m_FxEnabled":false},"in2DMode":false,"pivot":{"x":0.3931792974472046,"y":0.8211891651153565,"z":-0.024295749142766},"rotation":{"x":0.027995092794299127,"y":-0.9701889157295227,"z":0.13711687922477723,"w":0.19799676537513734},"size":1.6277329921722413,"orthographic":false}