{"cameraMode":{"drawMode":0,"name":"Shaded","section":"Shading Mode"},"sceneLighting":false,"audioPlay":false,"sceneViewState":{"m_AlwaysRefresh":false,"showFog":false,"showSkybox":false,"showFlares":false,"showImageEffects":false,"showParticleSystems":false,"showVisualEffectGraphs":true,"m_FxEnabled":false},"in2DMode":false,"pivot":{"x":0.08372604846954346,"y":0.8296517133712769,"z":0.10485750436782837},"rotation":{"x":0.00173888576682657,"y":-0.9978688955307007,"z":0.029347630217671396,"w":0.05875968560576439},"size":1.6277353763580323,"orthographic":false}