{"cameraMode":{"drawMode":0,"name":"Shaded","section":"Shading Mode"},"sceneLighting":false,"audioPlay":false,"sceneViewState":{"m_AlwaysRefresh":false,"showFog":true,"showSkybox":false,"showFlares":true,"showImageEffects":true,"showParticleSystems":true,"showVisualEffectGraphs":true,"m_FxEnabled":true},"in2DMode":false,"pivot":{"x":-0.0003228187561035156,"y":0.8450175523757935,"z":-0.04803603142499924},"rotation":{"x":-0.0039971452206373219,"y":0.9870242476463318,"z":-0.15858639776706696,"w":-0.024877315387129785},"size":1.4188369512557984,"orthographic":false}